{"cameraMode":{"drawMode":0,"name":"Shaded","section":"Shading Mode"},"sceneLighting":true,"audioPlay":false,"sceneViewState":{"m_AlwaysRefresh":false,"showFog":true,"showSkybox":true,"showFlares":true,"showImageEffects":true,"showParticleSystems":true,"showVisualEffectGraphs":true,"m_FxEnabled":true},"in2DMode":false,"pivot":{"x":7.432327747344971,"y":-120.48204040527344,"z":229.56423950195313},"rotation":{"x":-0.24525120854377747,"y":-0.015415794216096402,"z":0.003900708630681038,"w":-0.9693338871002197},"size":146.69808959960938,"orthographic":false}